{
  "last_scanned_at": "2026-04-25T15:04:41.611863+00:00",
  "file_manifest": {
    "metrics.json": {
      "mtime": 1777129430.8572404,
      "size": 186
    }
  }
}