{
  "last_scanned_at": "2026-04-25T16:35:37.670997+00:00",
  "file_manifest": {
    "metrics.json": {
      "mtime": 1777134795.1379771,
      "size": 295
    }
  }
}