{
  "last_scanned_at": "2026-04-25T23:22:08.158256+00:00",
  "file_manifest": {
    "metrics.json": {
      "mtime": 1777135572.9670234,
      "size": 295
    }
  }
}