{
  "last_scanned_at": "2026-04-25T14:43:54.363661+00:00",
  "file_manifest": {
    "metrics.json": {
      "mtime": 1777127634.7329295,
      "size": 129
    }
  }
}