{
  "last_scanned_at": "2026-04-25T14:54:27.697746+00:00",
  "file_manifest": {
    "metrics.json": {
      "mtime": 1777128817.2642395,
      "size": 182
    }
  }
}