{
  "last_scanned_at": "2026-04-25T15:20:00.681584+00:00",
  "file_manifest": {
    "metrics.json": {
      "mtime": 1777130355.5070257,
      "size": 238
    }
  }
}